N,threads,run,tiempo
500,1,1,0.046624293
1000,1,1,0.425715606
2000,1,1,4.472787347
4000,1,1,76.164877734
8000,1,1,2463.560064039
500,1,2,0.043989236
1000,1,2,0.421599443
2000,1,2,4.356681343
4000,1,2,75.373020446
8000,1,2,2437.590748697
500,1,3,0.048240519
1000,1,3,0.429837478
2000,1,3,4.563881253
4000,1,3,76.009639513
8000,1,3,2426.978425026
500,1,4,0.042465898
1000,1,4,0.421977222
2000,1,4,4.331401132
4000,1,4,75.497917364
8000,1,4,2430.072276600
500,1,5,0.050847987
1000,1,5,0.422254583
2000,1,5,4.379180107
4000,1,5,75.666095781
8000,1,5,2452.555110274
500,1,6,0.045906957
1000,1,6,0.421832646
2000,1,6,4.330727003
4000,1,6,75.348127539
8000,1,6,2445.612477246
500,1,7,0.042795429
1000,1,7,0.423610378
2000,1,7,4.306225919
4000,1,7,75.636038152
8000,1,7,2458.430100719
500,1,8,0.044021570
1000,1,8,0.423910472
2000,1,8,4.514443788
4000,1,8,75.611553978
8000,1,8,2427.483775694
500,1,9,0.042001119
1000,1,9,0.422390277
2000,1,9,4.368462330
4000,1,9,75.690363168
8000,1,9,2428.490341299
500,1,10,0.041729089
1000,1,10,0.426895525
2000,1,10,4.354384838
4000,1,10,76.030758834
8000,1,10,2454.533954177
500,2,1,0.100664153
1000,2,1,0.755131785
2000,2,1,7.121618796
4000,2,1,66.301482519
8000,2,1,686.677934388
500,2,2,0.101608424
1000,2,2,0.753853678
2000,2,2,6.939721747
4000,2,2,68.070961355
8000,2,2,684.958807690
500,2,3,0.100401297
1000,2,3,0.750578991
2000,2,3,7.137898723
4000,2,3,68.140486041
8000,2,3,769.492384652
500,2,4,0.099640767
1000,2,4,0.752586860
2000,2,4,7.122224447
4000,2,4,68.372510196
8000,2,4,685.001894201
500,2,5,0.101207029
1000,2,5,0.759756209
2000,2,5,7.080105241
4000,2,5,68.218498189
8000,2,5,756.043167655
500,2,6,0.097604523
1000,2,6,0.767273696
2000,2,6,7.094790686
4000,2,6,68.200530016
8000,2,6,685.217096795
500,2,7,0.100762443
1000,2,7,0.762140616
2000,2,7,7.205230878
4000,2,7,68.395824958
8000,2,7,713.320412080
500,2,8,0.104158434
1000,2,8,0.749239603
2000,2,8,7.217735625
4000,2,8,68.297460367
8000,2,8,1080.478743256
500,2,9,0.101008639
1000,2,9,0.748793992
2000,2,9,7.101076733
4000,2,9,68.494524143
8000,2,9,694.214440435
500,2,10,0.100741216
1000,2,10,0.750592592
2000,2,10,7.114262977
4000,2,10,68.224895917
8000,2,10,687.494312587
500,4,1,0.051944524
1000,4,1,0.390666541
2000,4,1,3.803647307
4000,4,1,40.122547067
8000,4,1,414.671980412
500,4,2,0.052774924
1000,4,2,0.409163685
2000,4,2,3.765379884
4000,4,2,40.248153138
8000,4,2,418.943444656
500,4,3,0.052863035
1000,4,3,0.392725765
2000,4,3,3.696198085
4000,4,3,40.298418104
8000,4,3,416.309410477
500,4,4,0.052981459
1000,4,4,0.420907085
2000,4,4,3.878368490
4000,4,4,40.200008515
8000,4,4,417.100016835
500,4,5,0.055952600
1000,4,5,0.392019373
2000,4,5,3.706074510
4000,4,5,40.406855364
8000,4,5,417.201131052
500,4,6,0.053104635
1000,4,6,0.390642993
2000,4,6,3.749041787
4000,4,6,40.196931504
8000,4,6,417.451009295
500,4,7,0.052374967
1000,4,7,0.399866321
2000,4,7,3.739738791
4000,4,7,40.310796476
8000,4,7,416.855944926
500,4,8,0.057228187
1000,4,8,0.400210669
2000,4,8,3.811458551
4000,4,8,40.329627755
8000,4,8,416.200510634
500,4,9,0.051558716
1000,4,9,0.410013649
2000,4,9,3.703909319
4000,4,9,40.797750591
8000,4,9,416.885585667
500,4,10,0.057416143
1000,4,10,0.395575855
2000,4,10,3.779916243
4000,4,10,40.383853435
8000,4,10,415.917605792
500,8,1,0.037994686
1000,8,1,0.259493885
2000,8,1,2.436315140
4000,8,1,29.528498308
8000,8,1,353.995345201
500,8,2,0.034054983
1000,8,2,0.269865914
2000,8,2,2.305306888
4000,8,2,28.883614651
8000,8,2,357.137927202
500,8,3,0.035011459
1000,8,3,0.267315232
2000,8,3,2.380345873
4000,8,3,30.142620840
8000,8,3,356.426923843
500,8,4,0.034952839
1000,8,4,0.268978381
2000,8,4,2.391282199
4000,8,4,30.466972427
8000,8,4,348.061361532
500,8,5,0.033235871
1000,8,5,0.260740516
2000,8,5,2.336436728
4000,8,5,30.152524265
8000,8,5,353.183498208
500,8,6,0.028105445
1000,8,6,0.273768520
2000,8,6,2.370322066
4000,8,6,29.475233627
8000,8,6,344.936981345
500,8,7,0.031230207
1000,8,7,0.266401303
2000,8,7,2.451872613
4000,8,7,29.683505526
8000,8,7,354.269316215
500,8,8,0.033131322
1000,8,8,0.259571285
2000,8,8,2.446991541
4000,8,8,29.672460559
8000,8,8,355.013980676
500,8,9,0.035076935
1000,8,9,0.265840726
2000,8,9,2.389469346
4000,8,9,29.412064568
8000,8,9,346.145589114
500,8,10,0.039643886
1000,8,10,0.263570639
2000,8,10,2.351949852
4000,8,10,29.873340418
8000,8,10,356.654729436
500,16,1,0.037527726
1000,16,1,0.202245063
2000,16,1,1.634857459
4000,16,1,24.553566815
8000,16,1,399.758883126
500,16,2,0.031533574
1000,16,2,0.203450502
2000,16,2,1.609198126
4000,16,2,24.411469058
8000,16,2,404.923805238
500,16,3,0.035087160
1000,16,3,0.207229218
2000,16,3,1.559084430
4000,16,3,24.642686246
8000,16,3,399.854665132
500,16,4,0.031007196
1000,16,4,0.212035219
2000,16,4,1.689440872
4000,16,4,24.145243039
8000,16,4,403.361317619
500,16,5,0.028419162
1000,16,5,0.218104853
2000,16,5,1.651052800
4000,16,5,23.835565438
8000,16,5,401.332972894
500,16,6,0.031862163
1000,16,6,0.192578386
2000,16,6,1.684021549
4000,16,6,23.906664832
8000,16,6,402.005671912
500,16,7,0.032053181
1000,16,7,0.211964661
2000,16,7,1.719738152
4000,16,7,23.828795075
8000,16,7,399.598362955
500,16,8,0.028897208
1000,16,8,0.205057268
2000,16,8,1.593731120
4000,16,8,24.613768091
8000,16,8,402.156878508
500,16,9,0.027221032
1000,16,9,0.200726231
2000,16,9,1.620880153
4000,16,9,24.503844700
8000,16,9,400.994194660
500,16,10,0.031552613
1000,16,10,0.200126256
2000,16,10,1.651343612
4000,16,10,24.173880092
8000,16,10,401.726063594
