N,threads,media,mediana,stddev,n
500,1,0.044862,0.044005,0.002845,10
500,2,0.100780,0.100752,0.001545,10
500,4,0.053820,0.052922,0.002075,10
500,8,0.034244,0.034504,0.003067,10
500,16,0.031516,0.031543,0.002906,10
1000,1,0.424002,0.423000,0.002564,10
1000,2,0.754995,0.753220,0.005849,10
1000,4,0.400179,0.397721,0.009654,10
1000,8,0.265555,0.266121,0.004487,10
1000,16,0.205352,0.204254,0.006927,10
2000,1,4.397818,4.362572,0.082999,10
2000,2,7.113467,7.117941,0.071997,10
2000,4,3.763373,3.757211,0.054343,10
2000,8,2.386029,2.384908,0.045865,10
2000,16,1.641335,1.642955,0.045828,10
4000,1,75.702839,75.651067,0.265713,10
4000,2,68.071717,68.221697,0.602105,10
4000,4,40.329494,40.304607,0.177003,10
4000,8,29.729084,29.677983,0.429055,10
4000,16,24.261548,24.292675,0.308492,10
8000,1,2442.530727,2441.601613,13.394475,10
8000,2,744.289919,690.854377,115.901951,10
8000,4,416.753664,416.870765,1.056656,10
8000,8,352.582565,354.132331,4.284365,10
8000,16,401.571282,401.529518,1.597279,10
